{
	"axis_max" : 12.937984695522999,
	"axis_min" : -7.4318826890360006,
	"bounding_polygon" : 
	[
		[ -7.0561697723565677, 0.0, 0.13530126674932852 ],
		[ -6.7299981875646031, 0.0, 2.1112520880125958 ],
		[ -8.428355564342235, 0.0, 2.3925446212357064 ],
		[ -8.7706896906968392, 0.0, 0.37817253119313721 ],
		[ -7.0397118007161454, 0.0, 0.13879386266025606 ]
	],
	"class_name" : "SelectionPolygonVolume",
	"orthogonal_axis" : "Y",
	"version_major" : 1,
	"version_minor" : 0
}